Year,State.Code,State.Name,Total.Math,Total.Test-takers,Total.Verbal,English.Average.GPA,English.Average.Years,Mathematics.Average GPA,Mathematics.Average.Years,Natural.Sciences.Average.GPA,Natural Sciences.Average.Years,Family.Income.Between.20-40k.Math,Family.Income.Between.20-40k.Test-takers,Family.Income.Between.20-40k.Verbal,Family Income.Between 40-60k.Math,Family.Income.Between.40-60k.Test-takers,Family Income.Between 40-60k.Verbal,Family.Income.Between.60-80k.Math,Family Income.Between 60-80k.Test-takers,Family.Income.Between.60-80k.Verbal,Family.Income.Between.80-100k.Math,Family.Income.Between.80-100k.Test-takers,Family.Income.Between.80-100k.Verbal,Family.Income.Less.than 20k.Math,Family.Income.Less.than.20k.Test-takers,Family.Income.Less.than.20k.Verbal,Family.Income.More.than.100k.Math,Family.Income.More.than.100k.Test-takers,Family Income.More than 100k.Verbal
2010,AL,Alabama,550,3365,556,3.62,3.9,3.45,4.0,3.56,3.9,490,241,501,516,283,530,534,326,549,563,358,575,445,176,452,581,998,581
2010,AK,Alaska,515,3772,518,3.46,3.9,3.13,3.6,3.31,3.3,485,250,496,500,320,498,508,422,519,516,410,526,450,131,460,545,927,540
2010,AZ,Arizona,527,20690,519,3.5,3.9,3.27,4.0,3.4,3.4,491,2148,487,506,2217,505,523,2118,519,531,1900,525,472,1166,463,553,4486,542
2010,AR,Arkansas,568,1340,566,3.69,4.0,3.52,4.2,3.58,3.8,530,132,523,546,135,549,562,166,563,574,160,578,510,71,489,591,333,591
2010,CA,California,518,210926,501,3.4,3.9,3.08,3.7,3.24,3.3,477,24459,461,501,17908,488,520,15514,508,537,13529,525,457,19669,436,563,41663,550
2010,CO,Colorado,574,9328,568,3.59,4.0,3.39,4.0,3.51,3.8,532,463,539,550,662,551,558,836,558,574,892,569,507,249,498,586,3064,578
2010,CT,Connecticut,514,36076,509,3.24,3.9,3.07,3.9,3.15,3.6,457,2092,458,482,2389,480,498,2714,498,518,2742,514,426,1432,424,551,8642,542
2010,DE,Delaware,495,6787,493,3.34,3.9,3.16,3.9,3.27,3.7,449,638,449,476,675,478,493,690,488,506,581,503,436,337,430,535,1441,534
2010,DC,District Of Columbia,455,4141,470,3.16,3.8,2.96,3.7,3.1,3.3,399,373,406,413,254,431,441,196,451,505,127,525,377,402,384,566,685,580
2010,FL,Florida,499,102741,496,3.38,3.8,3.09,3.9,3.26,3.6,473,13447,474,495,10930,496,508,9400,508,521,7455,516,441,9183,442,541,16928,534
2010,GA,Georgia,490,66019,488,3.4,3.8,3.17,3.9,3.27,3.5,454,7542,456,476,7166,479,493,6283,494,511,5268,510,429,5484,427,540,12366,534
2010,HI,Hawaii,505,8068,483,3.31,3.9,3.04,3.8,3.21,3.5,475,734,460,484,784,468,495,884,473,515,710,492,462,452,441,550,1309,523
2010,ID,Idaho,541,3336,543,3.59,4.0,3.32,3.9,3.49,3.5,515,343,522,529,427,533,542,413,549,556,366,552,513,157,519,566,646,559
2010,IL,Illinois,601,8508,585,3.58,4.0,3.46,4.0,3.51,3.8,529,469,518,571,570,554,584,639,573,610,641,595,471,334,462,629,2592,614
2010,IN,Indiana,541,3336,543,3.32,3.9,3.07,3.9,3.19,3.4,476,5314,469,495,5887,485,508,6161,496,519,4666,504,446,2714,443,545,8088,528
2010,IA,Iowa,614,1099,603,3.8,4.1,3.63,4.2,3.73,3.9,548,53,554,625,84,604,594,117,605,631,126,614,558,40,503,627,332,621
2010,KS,Kansas,595,1822,589,3.69,4.0,3.51,4.0,3.61,3.7,556,97,541,585,129,586,566,197,570,615,189,612,549,43,509,618,586,615
2010,KY,Kentucky,575,2808,575,3.72,4.0,3.59,4.1,3.64,3.7,538,181,531,549,225,553,560,296,568,572,297,578,536,83,524,587,854,591
2010,LA,Louisiana,550,2447,555,3.55,4.0,3.41,4.2,3.48,3.8,496,181,502,517,211,529,527,209,542,552,192,568,470,121,461,575,677,577
2010,ME,Maine,467,15383,468,3.26,3.9,3.09,3.8,3.18,3.6,471,729,483,492,723,495,507,687,510,515,511,512,434,397,441,539,1084,536
2010,MD,Maryland,506,46370,501,3.29,3.9,3.06,3.9,3.21,3.5,456,3179,453,477,3533,476,501,3710,497,516,3635,509,431,1988,425,549,12102,540
2010,MA,Massachusetts,527,61104,512,3.23,3.9,3.1,3.9,3.16,3.7,483,3573,467,505,4168,492,516,4941,507,532,4705,519,453,2900,430,565,13440,549
2010,MI,Michigan,605,5606,585,3.73,4.0,3.59,4.1,3.65,3.9,546,310,525,576,398,555,591,504,582,602,542,582,528,193,496,621,1697,600
2010,MN,Minnesota,608,4390,594,3.71,4.0,3.56,4.1,3.61,3.8,556,199,545,580,292,563,579,416,571,609,398,607,540,94,504,619,1430,607
2010,MS,Mississippi,548,938,566,3.7,4.0,3.61,4.2,3.69,3.9,512,85,525,531,100,557,538,106,560,565,87,587,454,62,464,582,221,603
2010,MO,Missouri,605,5606,585,3.65,4.0,3.54,4.0,3.61,3.8,538,157,542,570,222,580,574,227,583,591,238,587,531,62,506,608,933,608
2010,MT,Montana,607,4390,594,3.53,4.0,3.22,3.8,3.43,3.4,514,254,525,535,370,530,541,349,541,548,278,539,507,118,513,559,452,552
2010,NE,Nebraska,593,957,585,3.76,4.0,3.63,4.1,3.71,3.9,571,58,571,581,94,566,594,118,584,602,99,597,527,21,541,604,254,606
2010,NV,Nevada,501,9460,496,3.42,3.9,3.08,4.0,3.29,3.5,477,1058,472,498,1108,493,501,995,499,512,855,508,460,541,447,526,1821,520
2010,NH,New Hampshire,524,12351,520,3.34,4.0,3.09,3.9,3.22,3.6,490,739,489,501,1069,503,513,1335,510,519,1135,518,475,381,471,553,2786,544
2010,NJ,New Jersey,514,84874,495,3.32,3.9,3.16,3.8,3.22,3.6,466,5901,446,492,6249,474,505,6653,488,519,6565,501,437,4318,415,551,20261,529
2010,NM,New Mexico,549,2074,553,3.56,3.9,3.34,4.0,3.52,3.6,517,202,524,526,234,532,532,250,539,550,199,566,523,95,491,576,510,579
2010,NY,New York,499,161139,484,3.31,3.8,3.06,3.8,3.1,3.6,472,15327,455,492,13066,480,506,12217,495,521,10797,506,444,13330,419,551,25921,534
2010,NC,North Carolina,511,57841,497,3.47,3.8,3.21,3.9,3.36,3.5,476,6823,460,500,6614,487,516,6272,501,531,5027,515,449,4144,432,558,10568,543
2010,ND,North Dakota,597,265,579,3.76,4.1,3.62,4.1,3.73,3.8,570,32,557,608,33,599,619,27,600,597,36,589,493,11,508,576,61,595
2010,OH,Ohio,548,28384,538,3.51,3.9,3.38,4.0,3.43,3.8,496,1932,494,522,2569,517,540,2915,533,548,3073,540,465,1074,462,572,7864,558
2010,OK,Oklahoma,568,1895,569,3.69,3.9,3.56,4.0,3.64,3.7,547,152,535,548,213,559,555,187,568,575,214,578,516,86,502,583,505,583
2010,OR,Oregon,526,18461,523,3.51,3.9,3.26,3.8,3.42,3.3,498,1903,498,512,2176,517,523,2131,523,536,1781,535,476,1061,471,557,3516,553
2010,PA,Pennsylvania,502,104593,492,3.42,3.9,3.23,3.9,3.29,3.7,466,9708,460,489,11673,482,502,11744,493,515,9633,505,434,5186,426,546,19074,533
2010,RI,Rhode Island,495,8369,494,3.26,3.9,3.05,3.9,3.16,3.6,466,520,464,483,641,485,498,776,495,517,682,518,422,446,420,542,1578,538
2010,SC,South Carolina,495,25122,484,3.41,3.9,3.24,4.0,3.3,3.6,464,3267,452,489,2994,478,499,2776,487,517,2365,506,433,2231,423,543,4405,528
2010,SD,South Dakota,603,234,592,3.74,4.0,3.61,4.3,3.71,4.0,547,21,559,609,30,587,609,32,591,583,24,618,549,7,510,589,59,617
2010,TN,Tennessee,571,5461,576,3.66,4.0,3.51,4.1,3.59,3.7,524,328,539,533,420,556,567,505,574,562,470,578,503,171,504,588,1673,591
2010,TX,Texas,506,148102,484,3.45,3.9,3.23,3.8,3.31,3.5,472,18953,450,496,15286,478,510,12928,493,528,11328,509,446,13775,421,556,28246,534
2010,UT,Utah,559,1933,568,3.72,4.0,3.47,3.9,3.61,3.6,502,94,526,542,139,554,556,196,568,562,194,578,530,41,542,575,594,587
2010,VT,Vermont,521,5164,519,3.4,3.9,3.21,3.9,3.27,3.6,491,464,493,512,605,519,528,643,522,532,512,531,467,196,474,559,826,550
2010,VA,Virginia,512,59031,512,3.37,3.9,3.13,4.1,3.28,3.8,463,4793,465,488,5138,490,501,5494,501,519,5119,520,439,2647,435,551,15170,549
2010,WA,Washington,532,37631,524,3.52,3.9,3.21,3.9,3.37,3.4,497,3123,487,513,3544,511,526,3907,522,537,3614,529,473,1876,455,561,8838,552
2010,WV,West Virginia,507,2873,515,3.63,3.9,3.44,4.2,3.55,3.9,489,287,499,489,386,501,506,399,509,509,337,520,450,145,467,535,638,538
2010,WI,Wisconsin,604,3002,595,3.71,4.0,3.57,4.1,3.64,3.9,562,143,549,581,218,580,595,308,590,611,309,604,543,70,529,615,909,610
2010,WY,Wyoming,546,256,570,3.73,4.0,3.5,4.0,3.59,3.8,494,15,524,536,28,556,584,35,596,523,23,545,542,11,539,575,67,584
2011,AL,Alabama,543,3664,546,3.59,3.9,3.43,4.0,3.53,3.8,474,286,481,509,291,520,531,289,537,545,328,554,444,185,440,576,973,579
2011,AK,Alaska,512,3866,515,3.45,3.8,3.11,3.6,3.29,3.3,478,239,478,499,341,504,510,405,514,515,372,515,441,132,439,531,922,532
2011,AZ,Arizona,525,22845,517,3.49,3.9,3.27,4.0,3.4,3.4,489,2323,485,510,2358,505,521,2122,516,531,1848,524,472,1419,465,552,4468,541
2011,AR,Arkansas,572,1345,568,3.68,4.0,3.57,4.2,3.61,3.8,555,117,537,548,147,555,569,117,574,564,103,566,528,66,487,594,320,590
2011,CA,California,517,222658,499,3.39,3.9,3.08,3.7,3.24,3.3,480,24787,463,503,17975,488,519,15119,508,537,13095,524,455,21762,435,564,40266,549
2011,CO,Colorado,575,9675,569,3.62,4.0,3.41,4.0,3.52,3.8,539,457,534,554,634,559,561,771,559,574,845,568,504,239,507,582,2768,576
2011,CT,Connecticut,513,36774,509,3.24,3.9,3.09,3.9,3.16,3.6,460,2139,459,482,2396,482,497,2704,497,512,2696,511,425,1529,428,551,8294,541
2011,DE,Delaware,491,7092,489,3.32,3.9,3.17,4.0,3.27,3.7,453,614,449,474,665,473,488,642,485,503,559,500,417,417,409,538,1421,536
2011,DC,District Of Columbia,458,4116,470,3.17,3.7,3.01,3.8,3.06,3.4,407,274,414,425,236,436,461,150,490,478,130,498,381,317,388,559,660,572
2011,FL,Florida,490,114769,487,3.36,3.8,3.09,3.9,3.24,3.5,467,13795,468,488,10579,489,503,8660,502,517,6821,514,435,10869,434,536,15309,530
2011,GA,Georgia,488,72510,486,3.4,3.8,3.19,3.9,3.27,3.5,452,8058,451,472,6975,475,486,6149,487,502,5051,502,426,6010,423,534,11739,529
2011,HI,Hawaii,501,8731,479,3.31,3.9,3.04,3.8,3.22,3.5,468,725,445,479,851,466,491,832,468,512,714,486,448,541,430,550,1266,518
2011,ID,Idaho,539,3557,542,3.61,4.0,3.32,3.9,3.48,3.5,528,384,528,517,413,529,546,405,546,543,340,548,497,178,523,560,664,558
2011,IL,Illinois,617,7819,599,3.65,4.0,3.54,4.1,3.58,3.8,565,376,545,584,486,571,593,545,587,608,587,595,564,208,532,629,2212,610
2011,IN,Indiana,502,48267,493,3.33,3.9,3.07,3.9,3.19,3.4,471,5556,467,490,5954,483,501,5851,493,515,4649,502,445,2986,441,542,7935,529
2011,IA,Iowa,606,1254,596,3.78,4.1,3.61,4.2,3.69,3.9,544,68,545,594,96,576,578,118,570,605,119,612,589,37,508,626,363,617
2011,KS,Kansas,592,2093,580,3.67,4.0,3.52,4.0,3.61,3.7,551,132,541,577,171,570,567,168,572,604,181,599,546,59,516,604,590,592
2011,KY,Kentucky,572,2692,576,3.73,4.0,3.58,4.1,3.65,3.7,531,132,532,545,212,558,556,214,569,576,233,586,506,71,514,585,760,585
2011,LA,Louisiana,553,2787,556,3.55,4.1,3.43,4.2,3.49,3.9,488,226,497,525,229,534,539,205,553,538,223,542,453,129,456,584,661,582
2011,ME,Maine,469,14975,469,3.44,4.0,3.29,3.9,3.37,3.7,486,401,496,511,465,515,527,464,533,531,366,522,467,243,461,549,800,536
2011,MD,Maryland,502,47787,499,3.3,3.9,3.07,3.9,3.22,3.5,457,3152,454,478,3314,476,494,3432,491,511,3439,508,427,2101,425,546,11502,540
2011,MA,Massachusetts,528,61813,513,3.24,3.9,3.12,3.9,3.17,3.7,483,3606,468,504,4093,492,516,4677,504,530,4558,516,455,2874,432,566,13251,551
2011,MI,Michigan,605,5376,583,3.73,4.1,3.6,4.2,3.66,3.9,549,296,535,565,401,552,590,427,576,609,439,589,528,198,483,626,1473,603
2011,MN,Minnesota,609,4472,593,3.69,4.0,3.58,4.1,3.61,3.9,548,229,541,575,290,570,595,338,585,613,363,604,548,126,515,621,1341,607
2011,MS,Mississippi,546,1090,566,3.71,4.0,3.61,4.1,3.72,3.8,497,105,520,530,99,555,547,83,576,569,78,580,427,68,445,576,282,595
2011,MO,Missouri,593,3222,592,3.67,4.0,3.53,4.1,3.61,3.8,540,167,534,549,207,548,571,231,580,598,243,596,498,101,490,613,851,615
2011,MT,Montana,537,2658,539,3.55,3.9,3.24,3.8,3.42,3.4,528,318,527,526,350,529,540,316,535,532,239,530,504,105,513,557,432,555
2011,NE,Nebraska,592,980,584,3.76,4.1,3.6,4.2,3.68,3.9,560,70,561,565,87,559,571,101,556,614,98,606,501,30,492,602,240,606
2011,NV,Nevada,498,10391,494,3.43,3.9,3.06,4.0,3.28,3.5,473,1249,473,486,1170,482,497,1004,499,516,838,508,452,681,446,527,1701,521
2011,NH,New Hampshire,525,12044,522,3.36,4.0,3.12,3.9,3.25,3.6,494,740,494,504,1044,507,513,1144,512,519,1121,519,462,382,452,548,2725,539
2011,NJ,New Jersey,516,86515,495,3.33,3.9,3.17,3.8,3.22,3.6,470,5745,448,491,5930,471,505,6136,488,520,6008,501,440,4419,414,551,19292,529
2011,NM,New Mexico,542,2295,548,3.54,4.0,3.33,3.9,3.48,3.6,509,210,507,508,221,528,533,218,540,541,207,543,480,153,475,570,525,577
2011,NY,New York,500,162947,485,3.32,3.8,3.02,3.8,3.12,3.6,473,14516,455,491,12315,479,506,11547,496,520,10243,505,444,13655,418,550,25733,534
2011,NC,North Carolina,509,62149,494,3.48,3.8,3.23,3.9,3.37,3.4,474,7011,459,494,6621,479,511,5809,495,527,4643,511,446,4573,429,553,9901,537
2011,ND,North Dakota,612,219,586,3.83,4.1,3.72,4.3,3.79,3.9,540,13,551,547,18,554,597,28,590,628,25,588,0,4,0,572,68,608
2011,OH,Ohio,546,27765,539,3.53,3.9,3.39,4.0,3.43,3.8,493,1897,493,520,2297,521,536,2791,534,549,2706,541,469,1081,462,567,7000,558
2011,OK,Oklahoma,566,2110,571,3.7,4.0,3.56,4.1,3.65,3.7,535,182,541,534,210,541,559,189,572,564,187,578,511,75,492,575,529,584
2011,OR,Oregon,523,18754,520,3.52,3.9,3.27,3.8,3.41,3.3,493,1947,493,507,2126,510,519,1980,518,536,1624,533,472,1187,471,556,3413,553
2011,PA,Pennsylvania,501,105907,493,3.43,3.9,3.25,3.9,3.3,3.6,466,9405,461,487,10863,482,501,10724,494,516,8875,506,434,5296,427,545,17993,534
2011,PR,Puerto Rico,452,2718,455,3.62,4.0,3.46,4.1,3.53,3.7,418,450,427,435,337,442,463,288,462,471,203,456,394,312,407,498,436,499
2011,RI,Rhode Island,495,8208,495,3.27,3.9,3.05,3.9,3.16,3.6,463,530,467,482,654,484,496,666,499,509,609,510,423,463,423,536,1566,536
2011,SC,South Carolina,491,26452,482,3.41,3.9,3.25,4.0,3.3,3.6,456,3216,447,479,2813,475,497,2730,490,507,2084,496,428,2235,418,530,4041,522
2011,SD,South Dakota,591,306,584,3.78,4.0,3.65,4.3,3.72,4.0,539,26,537,585,40,606,571,34,577,593,33,591,458,12,488,591,75,612
2011,TN,Tennessee,568,5752,575,3.68,4.0,3.56,4.1,3.61,3.7,519,347,530,542,417,552,552,433,560,568,454,578,493,193,492,582,1538,591
2011,TX,Texas,502,166012,479,3.44,3.8,3.23,3.9,3.31,3.7,472,19583,446,494,15684,473,508,12834,487,523,10703,502,446,15368,417,549,27198,526
2011,UT,Utah,559,2124,563,3.72,4.0,3.49,3.9,3.62,3.6,534,107,545,550,150,546,554,185,570,572,197,569,523,67,516,571,548,579
2011,VT,Vermont,519,5014,515,3.41,4.0,3.2,3.9,3.29,3.6,496,418,492,504,522,510,515,576,519,533,462,525,479,192,471,553,861,545
2011,VI,Virgin Islands,383,1059,409,3.07,3.6,2.85,3.3,2.87,3.0,354,162,392,392,131,426,408,47,447,398,42,437,348,185,370,487,52,486
2011,VA,Virginia,509,61398,511,3.39,3.9,3.14,4.1,3.29,3.8,461,4856,463,485,4952,490,498,5056,502,510,4692,517,440,3068,436,546,14887,547
2011,WA,Washington,530,38972,523,3.53,3.9,3.22,3.9,3.36,3.4,493,3302,486,516,3491,509,525,3784,521,539,3551,533,470,2107,451,559,8441,552
2011,WV,West Virginia,503,2993,514,3.63,4.0,3.4,4.2,3.54,3.9,472,312,487,484,337,503,503,336,521,510,308,516,457,164,465,523,683,530
2011,WI,Wisconsin,604,3059,590,3.71,4.1,3.59,4.1,3.65,3.9,558,159,537,569,229,553,597,290,588,610,296,597,559,80,529,614,823,603
2011,WY,Wyoming,570,276,571,3.75,4.0,3.58,4.0,3.65,3.9,526,18,554,547,35,559,587,25,606,553,30,563,545,13,551,546,67,571
2012,AL,Alabama,534,3879,539,3.59,3.9,3.4,4.0,3.52,3.8,462,296,470,502,277,517,513,280,528,529,260,535,429,245,435,568,773,573
2012,AK,Alaska,510,4010,512,3.47,3.9,3.09,3.7,3.31,3.4,471,238,470,493,293,500,510,316,517,510,339,512,456,133,464,530,888,532
2012,AZ,Arizona,526,23052,517,3.5,3.9,3.27,4.0,3.4,3.4,488,2184,481,508,1818,500,513,1640,511,529,1383,519,466,1312,455,547,3721,535
2012,AR,Arkansas,568,1320,565,3.7,4.0,3.57,4.2,3.6,3.7,525,111,516,552,114,552,563,107,574,578,104,569,500,61,494,579,248,569
2012,CA,California,514,231964,496,3.39,3.9,3.08,3.7,3.25,3.3,477,21671,459,497,14993,482,516,12083,503,530,9939,517,454,20041,433,563,31484,546
2012,CO,Colorado,582,8521,575,3.64,4.0,3.46,4.1,3.57,3.9,550,320,549,568,450,558,565,467,562,576,482,573,515,167,518,590,1943,580
2012,CT,Connecticut,512,36469,505,3.26,3.9,3.1,3.9,3.17,3.6,458,1448,455,480,1611,483,503,1676,502,515,1627,506,420,1072,412,548,5882,539
2012,DE,Delaware,462,9838,455,3.25,3.7,3.13,3.8,3.21,3.4,436,530,428,455,493,455,471,505,460,494,418,486,406,418,399,530,1069,518
2012,DC,District Of Columbia,462,4030,467,3.18,3.7,3.02,3.8,3.09,3.4,393,190,407,417,140,425,445,104,457,466,87,487,385,241,386,550,496,563
2012,FL,Florida,494,112057,492,3.39,3.8,3.11,4.0,3.26,3.6,464,11941,468,484,8685,488,499,6932,500,509,5403,507,430,9899,431,533,12484,527
2012,GA,Georgia,490,73187,488,3.43,3.7,3.16,3.8,3.32,3.6,451,7152,452,470,6203,473,485,5114,486,494,4053,495,426,5589,423,529,9729,524
2012,HI,Hawaii,502,9046,478,3.3,3.9,3.03,3.8,3.21,3.5,471,613,451,484,673,467,481,676,462,507,571,483,452,493,436,543,1089,515
2012,ID,Idaho,542,3503,546,3.64,3.9,3.37,3.9,3.51,3.5,511,315,520,527,315,539,532,321,536,540,236,558,508,164,519,562,520,562
2012,IL,Illinois,615,7351,596,3.66,4.0,3.56,4.1,3.6,3.8,559,323,548,567,364,560,590,385,578,607,400,585,534,188,510,624,1556,604
2012,IN,Indiana,502,48127,494,3.35,3.9,3.1,3.9,3.21,3.4,465,4463,465,488,4637,482,500,4552,492,512,3619,500,441,2623,437,540,6651,524
2012,IA,Iowa,608,1136,603,3.79,4.1,3.63,4.2,3.73,3.9,545,56,553,566,72,580,607,85,604,601,88,598,555,30,530,604,238,598
2012,KS,Kansas,595,1902,584,3.72,4.0,3.56,4.0,3.66,3.8,529,93,520,573,101,573,583,132,575,605,144,593,534,64,518,605,427,597
2012,KY,Kentucky,577,2526,579,3.75,4.0,3.61,4.1,3.67,3.8,542,126,549,550,175,564,559,180,568,560,183,574,543,78,532,587,548,588
2012,LA,Louisiana,538,2845,543,3.54,4.0,3.38,4.2,3.46,4.0,461,206,466,498,182,512,526,198,536,530,170,544,441,175,447,571,558,578
2012,ME,Maine,471,14799,470,3.53,4.0,3.36,4.0,3.44,3.7,520,293,511,526,341,514,533,325,531,542,297,532,476,206,470,553,660,537
2012,MD,Maryland,503,47467,496,3.3,3.9,3.07,3.9,3.22,3.5,454,2360,449,469,2488,467,488,2403,484,503,2371,497,417,1659,415,545,8408,536
2012,MA,Massachusetts,530,60719,513,3.26,3.9,3.15,3.9,3.2,3.6,487,2593,469,505,2790,490,518,3101,508,530,2899,514,454,2308,431,569,9585,551
2012,MI,Michigan,603,4833,585,3.73,4.1,3.6,4.2,3.67,3.9,550,227,520,561,262,557,586,314,571,604,336,586,519,138,493,615,1027,594
2012,MN,Minnesota,608,4053,592,3.73,4.0,3.58,4.1,3.63,3.9,568,173,535,567,216,557,589,213,583,604,245,595,561,107,512,623,890,609
2012,MS,Mississippi,546,1030,562,3.7,3.9,3.63,4.1,3.7,3.8,496,84,527,498,85,525,549,81,569,534,73,550,441,65,458,584,203,594
2012,MO,Missouri,592,3077,588,3.69,4.0,3.56,4.1,3.63,3.9,546,123,548,568,169,568,554,170,560,591,184,586,504,81,489,598,698,597
2012,MT,Montana,538,2773,536,3.55,3.9,3.22,3.8,3.41,3.4,506,258,512,523,289,528,537,253,540,546,238,534,487,112,487,558,385,547
2012,NE,Nebraska,586,1027,576,3.74,4.0,3.6,4.1,3.67,3.8,526,65,521,562,71,561,606,73,590,597,97,569,526,34,493,594,201,603
2012,NV,Nevada,494,11048,490,3.43,3.9,3.05,4.0,3.26,3.5,464,1220,463,486,1002,486,488,869,492,506,603,500,441,771,441,519,1480,514
2012,NH,New Hampshire,526,11556,521,3.36,4.0,3.12,3.9,3.24,3.6,484,585,492,502,705,505,509,785,506,518,763,512,455,299,456,550,2091,540
2012,NJ,New Jersey,517,84857,494,3.34,3.9,3.19,3.8,3.25,3.6,470,4343,446,492,4248,472,509,4310,491,526,4120,505,435,3725,410,557,14640,533
2012,NM,New Mexico,546,2371,550,3.56,3.9,3.33,4.0,3.52,3.6,502,177,520,517,193,529,515,185,530,538,153,548,517,115,506,572,444,574
2012,NY,New York,501,161430,483,3.34,3.8,3.04,3.8,3.14,3.6,475,9922,457,493,8097,481,508,7500,495,521,6682,506,444,10060,418,554,18616,536
2012,NC,North Carolina,507,63271,491,3.49,3.8,3.26,3.9,3.38,3.4,472,6095,457,496,5492,482,508,4771,491,526,3855,508,441,4196,426,557,8605,538
2012,ND,North Dakota,611,189,589,3.76,4.1,3.66,4.2,3.69,3.7,528,12,585,545,19,578,589,16,634,527,18,539,0,3,0,471,41,472
2012,OH,Ohio,553,24895,543,3.55,3.9,3.43,4.1,3.47,3.8,496,1358,493,524,1613,521,537,1750,533,554,1698,541,476,726,469,573,4848,560
2012,OK,Oklahoma,567,1996,568,3.73,3.9,3.59,4.1,3.66,3.7,506,140,508,540,161,554,564,142,571,558,119,566,486,59,486,571,402,578
2012,OR,Oregon,524,18813,521,3.52,3.9,3.27,3.8,3.43,3.4,489,1657,487,509,1674,509,520,1571,520,528,1198,525,474,1003,474,550,2664,547
2012,PA,Pennsylvania,502,104220,491,3.45,3.9,3.28,3.9,3.32,3.6,465,7017,460,487,7972,479,499,7916,490,514,6477,502,435,4343,427,545,14781,531
2012,PR,Puerto Rico,451,2925,454,3.62,4.0,3.49,4.0,3.5,3.6,416,475,416,439,327,441,453,237,465,466,173,464,386,358,393,495,401,497
2012,RI,Rhode Island,493,8265,490,3.29,3.9,3.04,3.9,3.18,3.6,450,426,449,479,449,478,491,500,494,502,427,500,416,365,418,532,1124,527
2012,SC,South Carolina,489,26777,481,3.43,3.9,3.27,4.0,3.33,3.6,454,2891,450,475,2517,471,492,2294,482,508,1830,498,425,2126,413,528,3712,516
2012,SD,South Dakota,610,262,589,3.72,4.0,3.67,4.3,3.74,4.0,522,20,517,629,29,604,555,23,592,607,29,607,480,8,493,480,38,489
2012,TN,Tennessee,571,5685,576,3.68,4.0,3.55,4.1,3.61,3.8,521,304,536,534,390,547,551,372,560,553,329,568,493,142,498,586,1266,589
2012,TX,Texas,499,172802,474,3.44,3.8,3.25,3.9,3.33,3.7,472,14843,446,492,11491,472,504,9007,485,520,7714,499,443,12087,416,546,21080,524
2012,UT,Utah,567,1954,567,3.75,4.0,3.54,3.9,3.65,3.7,537,75,556,547,100,550,571,116,559,585,128,583,516,53,490,576,426,578
2012,VT,Vermont,524,4987,519,3.45,3.9,3.23,3.9,3.32,3.6,502,271,505,507,373,513,520,378,514,531,291,527,465,143,470,557,665,548
2012,VI,Virgin Islands,386,1076,401,3.06,3.6,2.86,3.3,2.91,3.0,377,152,387,381,90,414,436,39,444,435,32,455,346,151,361,482,48,469
2012,VA,Virginia,512,61655,510,3.41,3.9,3.15,4.1,3.3,3.8,464,3879,463,483,3869,483,496,3710,499,513,3513,513,438,2649,437,545,11036,541
2012,WA,Washington,531,39019,519,3.52,3.9,3.22,3.9,3.37,3.4,492,2750,482,512,2774,504,520,2810,515,539,2592,529,465,1924,452,558,6521,546
2012,WV,West Virginia,504,2872,516,3.64,4.0,3.42,4.2,3.54,3.9,479,266,497,472,278,497,488,280,508,502,245,502,459,138,474,524,604,536
2012,WI,Wisconsin,606,2782,594,3.73,4.1,3.6,4.1,3.66,3.9,554,133,542,582,156,561,580,164,574,599,187,593,567,54,525,618,593,603
2012,WY,Wyoming,580,276,567,3.73,4.1,3.55,4.2,3.64,4.0,577,13,596,579,22,575,542,23,559,611,21,625,532,6,515,550,60,568
2013,AL,Alabama,537,3558,545,3.61,3.9,3.42,4.0,3.52,3.8,475,249,486,494,252,510,520,268,525,536,272,551,425,205,435,566,718,579
2013,AK,Alaska,507,3867,508,3.46,3.9,3.09,3.7,3.3,3.4,478,216,480,494,280,499,498,356,509,514,343,525,453,144,446,524,908,521
2013,AZ,Arizona,529,22283,522,3.51,3.9,3.29,4.0,3.42,3.4,492,2130,488,506,1955,505,517,1747,513,527,1563,521,472,1279,465,549,3921,538
2013,AR,Arkansas,571,1172,572,3.75,4.0,3.6,4.2,3.65,3.8,532,80,543,537,88,549,564,99,577,566,83,570,509,52,491,581,240,586
2013,CA,California,514,234767,498,3.4,3.9,3.09,3.8,3.26,3.3,476,22399,461,496,15880,485,512,12510,503,529,10481,516,452,20646,435,556,33242,543
2013,CO,Colorado,582,7518,577,3.64,4.0,3.45,4.1,3.55,3.9,532,311,532,551,448,558,558,549,564,575,547,574,542,179,528,587,2074,583
2013,CT,Connecticut,512,36053,507,3.28,3.9,3.13,3.9,3.19,3.6,455,1466,458,483,1610,483,495,1765,493,509,1784,507,420,1116,423,547,6348,540
2013,DE,Delaware,457,9669,450,3.32,3.8,3.19,3.8,3.22,3.5,435,429,431,460,409,452,477,416,474,483,316,479,391,357,387,527,1031,518
2013,DC,District Of Columbia,466,3977,473,3.19,3.7,3.04,3.7,3.06,3.4,405,174,417,418,142,428,445,85,454,482,60,499,381,231,380,560,479,573
2013,FL,Florida,491,112554,492,3.41,3.8,3.12,4.0,3.27,3.5,466,9927,472,486,7347,493,497,5784,503,508,4607,511,431,8469,438,531,11315,528
2013,GA,Georgia,488,72119,490,3.44,3.7,3.21,3.8,3.35,3.6,451,5592,456,470,4694,479,484,3990,491,496,3278,501,426,4341,428,530,8359,528
2013,HI,Hawaii,506,8590,481,3.32,3.9,3.06,3.9,3.24,3.6,470,584,448,483,653,465,487,645,468,510,528,486,440,485,425,537,1103,511
2013,ID,Idaho,458,17352,453,3.28,3.6,3.0,3.6,3.19,3.1,450,1438,449,474,1367,465,489,1105,481,492,757,483,407,1046,407,506,1488,497
2013,IL,Illinois,617,6893,600,3.69,4.0,3.57,4.1,3.62,3.8,551,297,539,579,349,562,585,393,575,607,484,596,534,172,511,623,1762,607
2013,IN,Indiana,501,48476,494,3.38,3.9,3.13,3.9,3.23,3.4,467,3622,468,488,3735,487,503,3511,497,515,3071,505,442,2140,441,538,6071,525
2013,IA,Iowa,601,1054,592,3.79,4.1,3.59,4.1,3.68,3.9,537,51,544,556,85,566,555,80,569,594,86,586,568,35,514,612,272,604
2013,KS,Kansas,595,1823,589,3.72,4.0,3.56,4.0,3.67,3.8,552,97,532,559,111,562,582,130,574,584,123,591,532,50,496,608,434,597
2013,KY,Kentucky,584,2158,584,3.77,4.0,3.65,4.1,3.69,3.7,520,105,522,556,130,558,561,150,580,586,162,579,528,54,513,589,496,590
2013,LA,Louisiana,555,2461,556,3.6,4.0,3.49,4.2,3.53,4.0,483,176,486,503,165,521,527,161,543,546,165,544,475,126,464,570,488,574
2013,ME,Maine,466,14501,462,3.52,4.0,3.39,3.9,3.45,3.7,503,306,500,527,322,519,528,338,522,552,252,532,479,172,458,555,646,540
2013,MD,Maryland,500,48106,496,3.31,3.9,3.07,3.9,3.23,3.5,454,1917,454,468,2034,470,485,2022,485,508,1848,511,418,1584,415,544,7242,536
2013,MA,Massachusetts,530,60791,514,3.29,3.9,3.16,3.9,3.22,3.7,483,2808,467,503,2907,492,511,3217,504,525,3166,514,454,2187,428,563,10822,549
2013,MI,Michigan,611,4300,590,3.77,4.1,3.67,4.2,3.71,3.9,569,213,549,576,257,562,584,294,569,593,289,578,554,103,491,619,1124,603
2013,MN,Minnesota,609,3749,595,3.74,4.0,3.61,4.1,3.66,3.9,544,158,530,585,212,567,597,252,590,600,245,586,547,93,518,615,964,608
2013,MS,Mississippi,549,996,569,3.72,3.9,3.65,4.2,3.71,3.8,496,88,519,533,79,547,523,74,540,547,68,585,478,54,482,559,215,579
2013,MO,Missouri,596,2743,595,3.7,4.0,3.58,4.1,3.66,3.8,530,115,528,552,175,557,567,164,579,574,168,580,498,68,484,605,687,608
2013,MT,Montana,542,2308,540,3.61,4.0,3.3,3.9,3.45,3.5,526,215,536,531,240,536,539,267,532,555,256,549,502,86,504,552,415,550
2013,NE,Nebraska,585,827,584,3.75,4.1,3.58,4.2,3.64,3.8,525,63,516,561,54,574,574,78,588,597,70,602,507,28,489,593,202,601
2013,NV,Nevada,496,11403,492,3.46,3.9,3.06,4.0,3.28,3.5,474,1033,474,491,813,493,497,750,496,505,512,506,452,663,451,525,1221,525
2013,NH,New Hampshire,529,11338,524,3.41,3.9,3.16,3.9,3.27,3.6,493,579,489,498,794,502,506,967,509,519,827,512,481,329,478,547,2235,536
2013,NJ,New Jersey,522,83489,499,3.36,3.9,3.21,3.8,3.27,3.6,475,4533,451,493,4238,471,508,4249,489,523,4069,501,441,3807,416,553,14291,530
2013,NM,New Mexico,546,2303,550,3.57,3.9,3.34,4.1,3.49,3.6,510,161,517,512,171,526,508,142,521,547,164,551,498,117,485,563,397,571
2013,NY,New York,502,157989,485,3.37,3.8,3.07,3.8,3.16,3.6,478,9948,463,491,8649,480,505,8506,494,522,7664,507,445,9787,421,549,21071,532
2013,NC,North Carolina,507,58100,496,3.52,3.8,3.31,3.9,3.42,3.5,469,5318,460,493,4614,485,505,4102,495,517,3459,505,441,3568,431,547,7569,534
2013,ND,North Dakota,613,174,612,3.87,4.0,3.67,4.2,3.78,3.9,521,10,537,586,11,580,582,16,590,561,21,597,530,5,576,585,48,622
2013,OH,Ohio,556,22205,549,3.58,4.0,3.45,4.1,3.49,3.8,501,1108,504,526,1485,525,535,1594,530,548,1675,541,475,662,472,570,4941,558
2013,OK,Oklahoma,569,1879,571,3.73,4.0,3.61,4.1,3.67,3.7,515,128,523,548,168,550,555,153,567,547,127,559,498,53,499,585,381,583
2013,OR,Oregon,522,18440,520,3.54,3.9,3.3,3.9,3.45,3.5,492,1417,491,512,1457,512,517,1443,519,527,1125,526,471,938,466,552,2620,553
2013,PA,Pennsylvania,504,101368,494,3.48,3.9,3.3,3.9,3.35,3.7,468,6902,462,487,7944,481,497,8065,490,510,6711,499,436,4267,429,544,14900,531
2013,PR,Puerto Rico,446,3035,452,3.65,4.0,3.47,4.0,3.53,3.7,406,492,416,432,346,436,436,232,449,480,184,477,384,391,401,495,410,491
2013,RI,Rhode Island,491,8025,491,3.3,3.9,3.09,3.9,3.2,3.6,459,439,464,474,422,485,487,499,493,504,434,502,425,389,421,530,1196,526
2013,SC,South Carolina,488,26320,484,3.46,3.9,3.29,4.0,3.36,3.6,449,2570,448,477,2228,475,491,1963,492,499,1613,496,423,1864,420,525,3342,520
2013,SD,South Dakota,603,262,592,3.78,4.0,3.64,4.3,3.75,4.0,520,21,535,592,25,603,588,36,593,609,27,587,504,10,517,567,51,609
2013,TN,Tennessee,570,5296,574,3.69,4.0,3.56,4.1,3.6,3.7,496,282,518,530,307,547,545,328,557,563,327,572,496,153,503,577,1161,577
2013,TX,Texas,499,172870,476,3.46,3.8,3.27,3.9,3.34,3.7,472,13807,450,493,10834,474,503,8469,487,517,7472,500,444,11684,417,543,20263,523
2013,UT,Utah,567,1835,569,3.73,4.0,3.53,4.0,3.63,3.7,520,89,519,558,109,555,558,132,562,568,131,589,521,44,495,572,450,576
2013,VT,Vermont,519,4720,516,3.46,3.9,3.23,3.9,3.32,3.6,480,366,484,501,417,504,522,468,523,532,406,529,467,152,469,551,730,542
2013,VI,Virgin Islands,385,936,411,3.15,3.5,2.93,3.2,3.01,2.8,377,97,402,396,90,429,387,48,415,454,32,457,342,161,372,373,39,383
2013,VA,Virginia,515,60640,516,3.43,3.9,3.15,4.1,3.33,3.8,459,3514,463,480,3621,486,492,3569,497,506,3249,512,437,2392,437,540,10562,541
2013,WA,Washington,525,40254,515,3.52,3.9,3.21,3.9,3.37,3.4,489,3019,478,507,3075,500,518,3285,517,530,2915,524,462,2185,447,550,7624,543
2013,WV,West Virginia,502,2774,513,3.68,3.9,3.45,4.2,3.55,3.9,465,268,485,477,277,507,487,333,503,500,291,513,460,138,465,516,595,521
2013,WI,Wisconsin,605,2632,591,3.74,4.1,3.6,4.1,3.66,3.9,553,133,523,570,195,560,579,227,573,599,232,581,520,58,511,616,679,595
2013,WY,Wyoming,589,223,581,3.77,4.0,3.62,4.1,3.7,4.0,579,10,606,550,20,573,505,16,525,585,25,608,558,5,572,565,56,597
2014,AL,Alabama,541,3172,548,3.63,3.9,3.46,4.0,3.57,3.8,474,252,486,492,234,509,533,264,542,550,240,556,443,203,444,564,901,574
2014,AK,Alaska,504,3943,507,3.47,3.9,3.1,3.8,3.31,3.4,470,254,494,491,322,492,508,386,518,505,366,519,452,162,445,530,1015,529
2014,AZ,Arizona,527,22624,522,3.51,3.9,3.3,4.0,3.42,3.4,492,2422,491,508,2348,508,519,2185,522,533,1995,529,474,1493,468,550,5195,543
2014,AR,Arkansas,574,1222,574,3.78,4.0,3.61,4.3,3.66,3.8,532,125,537,556,129,550,550,99,570,587,101,582,532,63,507,583,342,594
2014,CA,California,512,236923,498,3.42,3.9,3.11,3.8,3.28,3.3,476,28915,463,496,20361,486,514,16009,506,531,13196,522,451,25805,437,561,42660,549
2014,CO,Colorado,588,7298,582,3.7,4.0,3.49,4.1,3.6,3.9,553,324,547,562,486,556,578,581,576,581,655,579,536,166,529,596,2631,592
2014,CT,Connecticut,510,36370,507,3.31,3.9,3.14,3.9,3.23,3.7,463,2039,467,486,2209,488,495,2399,501,516,2477,515,419,1534,424,551,9128,544
2014,DE,Delaware,460,9727,455,3.38,3.8,3.23,3.9,3.28,3.5,442,516,434,458,487,459,482,501,481,500,434,495,400,454,402,532,1239,521
2014,DC,District Of Columbia,438,4832,440,3.2,3.7,3.07,3.7,3.13,3.4,401,196,400,425,157,427,451,109,467,491,77,516,365,330,360,572,701,581
2014,FL,Florida,485,115437,491,3.44,3.8,3.14,4.0,3.3,3.6,465,13017,477,485,10070,495,497,7911,507,510,6347,516,426,10802,436,531,15471,530
2014,GA,Georgia,485,73626,488,3.46,3.7,3.25,3.8,3.37,3.6,453,7414,458,469,6580,477,480,5722,488,495,4673,500,424,5770,428,527,11287,528
2014,HI,Hawaii,506,8211,484,3.36,3.9,3.11,3.9,3.26,3.6,477,697,459,483,709,465,481,741,470,505,652,486,443,548,425,541,1399,516
2014,ID,Idaho,456,18078,458,3.28,3.6,2.99,3.5,3.21,3.1,451,1417,456,471,1352,474,484,1187,489,498,748,495,412,1024,419,505,1509,502
2014,IL,Illinois,616,6468,599,3.69,4.0,3.6,4.1,3.64,3.9,570,302,552,593,396,568,599,456,584,604,459,591,548,206,522,629,2117,612
2014,IN,Indiana,502,47842,497,3.42,3.9,3.16,3.9,3.27,3.4,468,5237,469,487,5535,488,497,5463,494,514,4697,506,440,3080,445,539,9366,530
2014,IA,Iowa,612,1041,606,3.81,4.1,3.65,4.2,3.73,3.9,542,53,543,565,94,578,581,97,594,619,123,615,512,21,508,637,344,626
2014,KS,Kansas,597,1683,591,3.74,4.0,3.56,4.0,3.68,3.8,556,83,554,551,109,561,571,135,579,581,145,590,525,44,519,617,556,608
2014,KY,Kentucky,586,1944,589,3.78,4.0,3.65,4.1,3.7,3.8,556,107,559,550,145,562,574,187,589,576,161,582,506,67,493,596,617,597
2014,LA,Louisiana,559,2114,562,3.6,4.0,3.48,4.2,3.53,3.9,491,143,497,522,159,525,540,156,552,566,165,570,468,101,466,573,596,576
2014,ME,Maine,471,14118,467,3.56,3.9,3.39,3.9,3.45,3.6,494,282,495,520,329,520,535,383,534,555,298,544,468,195,461,569,810,556
2014,MD,Maryland,495,49665,492,3.31,3.9,3.09,3.9,3.27,3.5,461,2591,458,476,2608,477,496,2695,496,512,2573,511,418,2005,419,548,10469,542
2014,MA,Massachusetts,531,60451,516,3.32,3.9,3.2,4.0,3.24,3.7,486,3573,471,506,3793,494,520,4363,511,530,4268,518,453,3007,432,566,14641,551
2014,MI,Michigan,611,4027,593,3.78,4.1,3.67,4.2,3.73,3.9,565,184,540,579,268,554,596,312,591,609,366,590,530,115,501,624,1244,606
2014,MN,Minnesota,612,3523,598,3.73,4.0,3.6,4.1,3.65,3.9,563,152,548,579,197,564,588,288,591,598,313,589,549,79,518,625,1137,613
2014,MS,Mississippi,568,894,584,3.77,4.0,3.65,4.1,3.75,3.9,496,75,518,541,94,560,555,80,587,564,68,603,497,43,518,581,244,592
2014,MO,Missouri,596,2719,595,3.71,4.0,3.58,4.1,3.65,3.9,540,147,554,559,166,563,580,185,587,588,220,593,518,82,501,608,882,608
2014,MT,Montana,553,1651,555,3.67,4.0,3.4,3.9,3.56,3.6,531,146,548,546,197,546,560,215,554,561,177,548,511,61,509,566,388,570
2014,NE,Nebraska,592,772,590,3.78,4.1,3.55,4.1,3.64,3.8,540,65,545,568,74,568,569,65,581,582,70,595,527,29,542,607,214,607
2014,NV,Nevada,496,11663,495,3.43,3.9,3.07,4.0,3.27,3.5,474,1620,472,490,1450,490,502,1174,504,510,902,514,444,978,447,530,2008,528
2014,NH,New Hampshire,531,11066,524,3.41,4.0,3.16,3.9,3.29,3.7,493,688,495,503,829,502,514,1068,506,521,985,519,459,345,463,553,2899,542
2014,NJ,New Jersey,523,83431,500,3.38,3.9,3.24,3.8,3.29,3.6,480,5707,457,499,5425,478,509,5326,492,527,5478,507,444,4605,419,559,20090,536
2014,NM,New Mexico,544,2316,548,3.54,3.9,3.37,4.1,3.5,3.6,505,231,515,527,223,526,525,218,542,539,205,551,496,192,477,571,561,577
2014,NY,New York,502,154809,488,3.38,3.8,3.11,3.8,3.21,3.6,479,13659,463,495,11218,486,510,10568,500,521,9751,509,448,13196,424,550,27091,535
2014,NC,North Carolina,508,57997,499,3.54,3.9,3.33,4.0,3.44,3.5,467,6453,461,491,5944,484,505,5281,499,521,4423,514,438,4460,430,552,10318,540
2014,ND,North Dakota,619,162,611,3.84,4.1,3.76,4.4,3.82,3.9,588,8,631,537,10,577,548,11,586,635,26,628,520,6,537,487,46,505
2014,OH,Ohio,563,19040,555,3.6,4.0,3.49,4.2,3.53,3.9,516,1129,515,531,1469,533,547,1721,547,561,1815,554,478,667,473,578,5590,568
2014,OK,Oklahoma,572,1725,576,3.74,4.0,3.58,4.1,3.67,3.7,530,125,535,549,168,556,557,136,570,575,155,588,501,65,507,587,505,587
2014,OR,Oregon,524,17849,524,3.55,3.9,3.31,3.9,3.46,3.5,487,1780,492,505,1935,511,517,1879,524,528,1521,529,472,1145,471,557,3774,556
2014,PA,Pennsylvania,505,99460,497,3.49,3.9,3.32,3.9,3.36,3.7,471,7897,466,490,9046,486,503,9569,498,514,8283,506,434,5156,428,548,19776,535
2014,PR,Puerto Rico,450,3369,465,3.68,4.0,3.5,4.1,3.55,3.6,410,556,423,443,412,454,447,315,469,477,245,494,384,428,407,499,510,512
2014,RI,Rhode Island,497,7966,498,3.34,3.9,3.14,3.9,3.27,3.7,470,504,472,481,587,484,492,622,505,517,642,513,423,441,427,541,1722,539
2014,SC,South Carolina,491,26002,488,3.49,4.0,3.32,4.0,3.41,3.6,454,3003,454,477,2826,478,488,2596,489,505,2153,502,426,2129,426,531,4541,524
2014,SD,South Dakota,609,250,604,3.81,4.1,3.69,4.4,3.74,4.1,534,17,569,585,28,585,601,20,626,618,35,631,567,7,579,493,62,514
2014,TN,Tennessee,570,4980,578,3.7,4.0,3.59,4.1,3.65,3.8,518,281,539,532,342,547,545,345,564,562,373,576,496,142,503,583,1407,590
2014,TX,Texas,496,179036,476,3.48,3.8,3.28,3.9,3.36,3.7,470,18634,450,489,14952,475,501,12201,489,517,10828,503,440,15539,417,545,30152,528
2014,UT,Utah,568,1700,571,3.76,4.0,3.57,4.0,3.65,3.7,537,80,537,558,104,546,559,132,571,588,162,596,516,51,485,586,530,593
2014,VT,Vermont,526,4590,522,3.48,3.9,3.26,3.9,3.35,3.6,488,370,496,511,465,514,523,505,522,537,426,529,459,184,460,562,924,554
2014,VI,Virgin Islands,384,834,410,3.13,3.6,2.9,3.3,3.06,3.0,380,123,407,402,101,431,438,50,462,420,24,433,351,150,376,276,47,280
2014,VA,Virginia,516,59906,518,3.46,3.9,3.16,4.1,3.36,3.9,466,4590,468,484,4630,491,497,4597,505,514,4331,520,441,2990,442,546,14395,548
2014,WA,Washington,519,41277,510,3.52,3.9,3.22,3.9,3.36,3.4,486,3609,476,507,3563,502,521,3606,519,535,3374,529,453,2645,440,559,9344,551
2014,WV,West Virginia,508,2552,517,3.68,4.0,3.47,4.2,3.56,4.0,466,272,486,494,302,514,494,299,511,511,295,522,454,139,473,523,651,533
2014,WI,Wisconsin,610,2522,596,3.78,4.1,3.64,4.1,3.7,3.9,555,117,546,572,199,563,601,228,598,606,203,598,558,67,516,618,796,607
2014,WY,Wyoming,599,172,590,3.79,4.1,3.68,4.3,3.73,4.2,643,8,634,616,25,589,563,13,615,566,21,569,0,1,0,476,54,482
2015,AL,Alabama,541,2929,547,3.67,4.0,3.47,4.1,3.61,3.8,474,239,485,507,242,517,545,273,544,531,290,547,441,196,459,567,884,574
2015,AK,Alaska,505,3799,509,3.49,3.9,3.14,3.7,3.37,3.4,468,214,478,488,297,498,506,377,511,518,348,522,426,181,429,533,1050,537
2015,AZ,Arizona,529,21545,523,3.52,3.9,3.29,4.0,3.42,3.4,494,2426,491,512,2295,510,524,2179,523,538,1869,534,469,1477,465,555,5211,547
2015,AR,Arkansas,572,1207,569,3.73,4.0,3.64,4.2,3.68,3.8,538,120,528,551,119,548,552,136,555,575,122,570,509,54,500,582,348,589
2015,CA,California,507,241553,496,3.42,3.9,3.1,3.8,3.29,3.3,472,31745,461,492,22351,484,509,17074,502,528,14263,521,445,27451,435,560,46127,549
2015,CO,Colorado,588,6485,582,3.69,4.0,3.49,4.1,3.61,3.9,554,308,547,560,418,552,570,514,575,584,600,586,525,160,519,598,2472,591
2015,CT,Connecticut,506,36445,504,3.33,3.9,3.16,3.9,3.25,3.7,459,2133,462,481,2229,485,499,2473,501,518,2408,514,417,1679,424,552,9471,545
2015,DE,Delaware,462,9823,462,3.34,3.8,3.21,3.8,3.28,3.5,440,580,451,468,617,467,480,564,485,502,490,501,404,546,402,527,1523,528
2015,DC,District Of Columbia,440,4718,441,3.18,3.7,3.05,3.7,3.15,3.4,406,251,404,413,208,417,459,123,470,484,88,503,363,432,366,561,717,574
2015,FL,Florida,481,122939,486,3.45,3.8,3.16,3.9,3.32,3.6,462,15548,473,483,11856,493,500,8970,509,512,7355,518,424,12610,434,533,18199,534
2015,GA,Georgia,486,72898,490,3.47,3.7,3.26,3.7,3.39,3.6,450,8632,457,468,7551,476,483,6170,494,498,5226,504,422,6739,428,532,13554,532
2015,HI,Hawaii,509,7888,487,3.4,3.9,3.15,3.9,3.29,3.6,478,800,459,489,843,471,500,820,486,508,730,487,452,554,430,542,1563,522
2015,ID,Idaho,463,17695,467,3.4,3.6,3.09,3.6,3.32,3.2,461,1147,462,476,1170,482,493,1035,495,512,669,512,422,833,427,517,1367,520
2015,IL,Illinois,616,5728,599,3.68,4.0,3.57,4.1,3.63,3.8,552,313,529,572,359,563,583,368,569,608,413,595,534,204,518,629,1940,612
2015,IN,Indiana,501,47548,496,3.41,3.9,3.17,3.9,3.28,3.3,463,5248,467,487,5463,487,500,5652,498,512,4743,507,436,3308,440,538,10014,529
2015,IA,Iowa,602,986,590,3.77,4.0,3.63,4.1,3.7,3.8,523,64,527,547,72,547,580,100,576,604,79,589,552,33,519,617,344,609
2015,KS,Kansas,594,1528,588,3.72,3.9,3.54,4.0,3.68,3.7,539,95,535,560,113,566,573,119,580,567,138,569,515,44,481,614,505,614
2015,KY,Kentucky,588,1731,588,3.77,4.0,3.67,4.1,3.7,3.8,516,114,523,570,117,575,568,140,569,576,151,581,511,57,497,605,596,605
2015,LA,Louisiana,561,1976,564,3.65,4.0,3.5,4.2,3.58,4.0,503,162,504,531,163,539,522,155,538,552,144,562,473,110,475,582,599,584
2015,ME,Maine,472,13936,468,3.58,4.0,3.4,3.9,3.47,3.6,500,301,506,512,336,517,532,317,532,544,303,537,465,206,467,565,915,552
2015,MD,Maryland,493,48845,490,3.35,3.9,3.11,3.9,3.28,3.5,464,3025,459,476,3121,474,497,3040,496,514,3045,513,421,2327,420,550,12004,541
2015,MA,Massachusetts,530,61277,516,3.34,3.9,3.21,3.9,3.27,3.7,486,3791,471,507,3802,495,519,4317,511,533,4454,525,452,3152,432,563,16150,550
2015,MI,Michigan,610,3765,594,3.76,4.0,3.66,4.2,3.72,3.8,549,216,535,558,236,546,589,282,586,604,317,597,530,120,507,628,1273,610
2015,MN,Minnesota,608,3205,595,3.74,4.0,3.57,4.1,3.63,3.9,562,156,560,561,202,550,579,198,575,591,275,582,544,90,514,617,1095,610
2015,MS,Mississippi,567,858,582,3.79,4.0,3.72,4.2,3.78,3.9,518,86,535,547,74,562,533,74,575,582,72,597,473,55,483,591,252,607
2015,MO,Missouri,599,2379,596,3.7,4.0,3.59,4.1,3.68,3.8,531,124,537,558,165,574,578,175,584,600,214,599,524,76,531,613,759,613
2015,MT,Montana,558,1362,561,3.69,4.0,3.4,3.9,3.58,3.6,545,102,553,545,157,555,559,165,568,548,138,556,521,50,521,568,347,564
2015,NE,Nebraska,592,723,589,3.77,4.0,3.57,4.1,3.71,3.9,530,55,519,563,58,568,576,75,586,599,64,598,538,31,493,612,235,614
2015,NV,Nevada,496,11487,494,3.44,3.9,3.04,3.9,3.31,3.4,471,1641,472,489,1355,490,498,1130,500,514,872,513,443,1063,447,529,2116,529
2015,NH,New Hampshire,531,10738,525,3.42,4.0,3.19,4.0,3.3,3.7,496,705,497,505,839,499,518,1070,517,517,1001,516,471,327,463,551,2990,541
2015,NJ,New Jersey,521,85021,500,3.39,3.9,3.25,3.8,3.31,3.5,480,6172,458,499,5690,479,513,5600,495,528,5746,510,441,5184,417,557,21707,537
2015,NM,New Mexico,545,2292,551,3.58,3.9,3.36,4.1,3.5,3.6,494,224,498,515,248,529,530,210,537,543,240,547,490,147,483,576,607,585
2015,NY,New York,502,153543,489,3.41,3.8,3.15,3.8,3.23,3.6,482,14073,467,495,11313,486,509,10274,501,522,9833,512,449,14136,427,552,27945,539
2015,NC,North Carolina,505,58022,498,3.54,3.8,3.34,4.0,3.45,3.5,465,7211,460,489,6144,486,503,5418,498,520,4860,511,433,4866,430,548,11725,539
2015,ND,North Dakota,609,134,598,3.88,4.1,3.76,4.3,3.8,3.9,464,5,542,586,13,587,615,8,645,624,16,651,0,4,0,622,52,623
2015,OH,Ohio,564,17253,557,3.61,4.0,3.49,4.2,3.54,3.8,507,1127,508,531,1276,531,546,1554,543,558,1707,552,480,644,470,583,5385,574
2015,OK,Oklahoma,570,1720,576,3.74,3.9,3.6,4.1,3.69,3.7,533,138,540,558,187,566,548,164,551,566,190,577,504,67,487,583,518,590
2015,OR,Oregon,523,17405,524,3.55,3.9,3.31,3.8,3.47,3.5,488,1796,493,505,1761,510,516,1950,521,526,1582,532,469,1080,470,555,4147,555
2015,PA,Pennsylvania,505,96826,499,3.51,3.9,3.33,3.9,3.38,3.7,469,8051,468,489,8900,487,502,9628,499,515,8383,510,430,5615,427,547,21365,537
2015,PR,Puerto Rico,450,3416,462,3.68,4.1,3.52,4.0,3.57,3.7,413,577,425,443,465,455,453,337,462,471,231,485,386,487,412,499,529,505
2015,RI,Rhode Island,495,8103,494,3.34,3.9,3.13,3.9,3.27,3.6,467,553,472,488,593,494,494,625,497,515,608,517,431,477,432,542,1793,539
2015,SC,South Carolina,488,26336,488,3.51,4.0,3.32,4.0,3.43,3.5,447,2999,451,473,2633,478,481,2481,485,494,1958,497,417,2214,422,522,4332,521
2015,SD,South Dakota,599,238,593,3.79,4.0,3.68,4.3,3.8,3.9,535,22,564,554,16,597,568,27,569,613,27,606,452,11,491,578,60,604
2015,TN,Tennessee,574,4497,581,3.7,4.0,3.6,4.1,3.64,3.8,526,267,531,540,314,559,553,307,566,576,321,591,500,143,505,581,1505,589
2015,TX,Texas,487,193768,470,3.44,3.8,3.27,3.9,3.36,3.7,465,21287,449,483,17312,471,497,13589,488,515,11822,504,432,18437,413,543,34262,528
2015,UT,Utah,575,1527,579,3.77,4.0,3.6,4.0,3.69,3.7,537,84,535,566,88,568,580,134,585,582,128,574,532,49,509,601,514,606
2015,VT,Vermont,524,4564,522,3.5,3.9,3.27,3.9,3.38,3.6,498,357,508,507,425,514,521,465,523,528,469,528,469,180,467,555,952,553
2015,VI,Virgin Islands,390,872,415,3.16,3.5,2.89,3.2,3.07,2.9,377,146,407,412,101,444,430,62,455,405,40,433,369,172,389,368,46,372
2015,VA,Virginia,517,59621,518,3.47,3.9,3.17,4.1,3.38,3.8,469,4906,472,488,5070,494,496,4843,505,514,4797,518,441,3114,446,549,16858,550
2015,WA,Washington,511,44423,502,3.5,3.9,3.22,3.9,3.37,3.4,483,3689,473,503,3454,499,521,3619,517,534,3496,530,449,2668,437,560,10262,552
2015,WV,West Virginia,500,2501,509,3.71,3.9,3.47,4.2,3.58,3.9,468,269,481,483,294,492,487,281,501,503,297,511,448,159,455,522,696,532
2015,WI,Wisconsin,606,2277,591,3.77,4.1,3.64,4.1,3.7,3.9,551,127,544,596,174,579,590,172,580,605,213,595,573,60,532,615,730,603
2015,WY,Wyoming,587,181,588,3.84,4.1,3.64,4.2,3.71,4.0,533,12,560,550,21,572,561,14,604,598,27,587,0,3,0,573,63,591
